Date,Name,Comment
sooraj,nimesh,sarath
Thu Oct 29 2015 12:29:05 GMT+0530 (IST),syanima,hai
Thu Oct 29 2015 12:29:26 GMT+0530 (IST),ashwin,hello
Thu Oct 29 2015 12:29:38 GMT+0530 (IST),sooraj+,hai
Thu Oct 29 2015 12:30:21 GMT+0530 (IST),sooraj+,hai
Thu Oct 29 2015 12:40:46 GMT+0530 (IST),vijay,awsome
Thu Oct 29 2015 13:22:05 GMT+0530 (IST),hell,hell+in+heaven
Thu Oct 29 2015 13:23:37 GMT+0530 (IST),heek ,shdga afhbaf
Thu Oct 29 2015 14:11:11 GMT+0530 (IST),Anjali,good keep+it+up
Thu Oct 29 2015 14:13:17 GMT+0530 (IST),Anjali,keep it up